{"cameraMode":{"drawMode":0,"name":"Shaded","section":"Shading Mode"},"sceneLighting":true,"audioPlay":false,"sceneViewState":{"showFog":true,"showMaterialUpdate":false,"showSkybox":true,"showFlares":true,"showImageEffects":true,"showParticleSystems":true},"in2DMode":false,"pivot":{"x":3.4717636108398439,"y":-1.4352593421936036,"z":-0.4582343101501465},"rotation":{"x":-0.16698360443115235,"y":-0.5854420065879822,"z":0.12479206919670105,"w":-0.7834704518318176},"size":16.95620346069336,"orthographic":false}