{"cameraMode":{"drawMode":0,"name":"Shaded","section":"Shading Mode"},"sceneLighting":true,"audioPlay":false,"sceneViewState":{"showFog":true,"showMaterialUpdate":false,"showSkybox":true,"showFlares":true,"showImageEffects":true,"showParticleSystems":true},"in2DMode":false,"pivot":{"x":18.01595115661621,"y":6.937994956970215,"z":-1.433186411857605},"rotation":{"x":-0.039037417620420459,"y":-0.7270565032958984,"z":0.04149261862039566,"w":-0.6842289566993713},"size":73.70379638671875,"orthographic":false}